{
    "stickersTran": [
        {
            "position": {
                "x": -0.12293335795402527,
                "y": 0.8948642015457153,
                "z": 1.4263380765914918
            },
            "scale": {
                "x": 1.0,
                "y": 1.0,
                "z": 1.0
            },
            "rotation": {
                "x": 0.0,
                "y": 0.0,
                "z": 0.0,
                "w": 1.0
            },
            "name": "sticker_tape_0",
            "stickerData": {
                "x": 0.0,
                "y": 0.0,
                "width": 0.0,
                "height": 0.0,
                "path": "",
                "id": "",
                "sheetId": ""
            }
        },
        {
            "position": {
                "x": -0.20032671093940736,
                "y": 0.8965262174606323,
                "z": 1.4428130388259888
            },
            "scale": {
                "x": 1.0,
                "y": 1.0,
                "z": 1.0
            },
            "rotation": {
                "x": 0.0,
                "y": 0.0,
                "z": 0.0,
                "w": 1.0
            },
            "name": "sticker_tape_1",
            "stickerData": {
                "x": 0.0,
                "y": 0.0,
                "width": 0.0,
                "height": 0.0,
                "path": "",
                "id": "",
                "sheetId": ""
            }
        }
    ]
}