{
    "stickersTran": [
        {
            "position": {
                "x": 0.1419825553894043,
                "y": 1.5372636318206788,
                "z": -4.809328079223633
            },
            "scale": {
                "x": 1.0,
                "y": 1.0,
                "z": 1.0
            },
            "rotation": {
                "x": 0.0,
                "y": 0.0,
                "z": 0.0,
                "w": 1.0
            },
            "name": "sticker_tape_20170608122405979124",
            "stickerData": {
                "x": 0.0,
                "y": 0.0,
                "width": 0.0,
                "height": 0.0,
                "path": "",
                "id": "",
                "sheetId": "",
                "artist": ""
            }
        },
        {
            "position": {
                "x": -0.30153119564056399,
                "y": 1.1839818954467774,
                "z": -4.220293998718262
            },
            "scale": {
                "x": 1.0,
                "y": 1.0,
                "z": 1.0
            },
            "rotation": {
                "x": 0.0,
                "y": 0.0,
                "z": 0.0,
                "w": 1.0
            },
            "name": "sticker_tape_20170608122432173881",
            "stickerData": {
                "x": 0.0,
                "y": 0.0,
                "width": 0.0,
                "height": 0.0,
                "path": "",
                "id": "",
                "sheetId": "",
                "artist": ""
            }
        },
        {
            "position": {
                "x": -0.22859835624694825,
                "y": 1.3626837730407715,
                "z": -4.161138534545898
            },
            "scale": {
                "x": 1.0,
                "y": 1.0,
                "z": 1.0
            },
            "rotation": {
                "x": 0.0,
                "y": 0.0,
                "z": 0.0,
                "w": 1.0
            },
            "name": "sticker_tape_20170608122433092369",
            "stickerData": {
                "x": 0.0,
                "y": 0.0,
                "width": 0.0,
                "height": 0.0,
                "path": "",
                "id": "",
                "sheetId": "",
                "artist": ""
            }
        },
        {
            "position": {
                "x": -0.2519904375076294,
                "y": 1.4520304203033448,
                "z": -4.055523872375488
            },
            "scale": {
                "x": 1.0,
                "y": 1.0,
                "z": 1.0
            },
            "rotation": {
                "x": 0.0,
                "y": 0.0,
                "z": 0.0,
                "w": 1.0
            },
            "name": "sticker_tape_20170608122433871185",
            "stickerData": {
                "x": 0.0,
                "y": 0.0,
                "width": 0.0,
                "height": 0.0,
                "path": "",
                "id": "",
                "sheetId": "",
                "artist": ""
            }
        },
        {
            "position": {
                "x": -0.2468796968460083,
                "y": 1.1731972694396973,
                "z": -4.2770771980285648
            },
            "scale": {
                "x": 1.0,
                "y": 1.0,
                "z": 1.0
            },
            "rotation": {
                "x": 0.0,
                "y": 0.0,
                "z": 0.0,
                "w": 1.0
            },
            "name": "sticker_tape_20170608122435045317",
            "stickerData": {
                "x": 0.0,
                "y": 0.0,
                "width": 0.0,
                "height": 0.0,
                "path": "",
                "id": "",
                "sheetId": "",
                "artist": ""
            }
        },
        {
            "position": {
                "x": -0.1359562873840332,
                "y": 1.1651420593261719,
                "z": -4.3022003173828129
            },
            "scale": {
                "x": 1.0,
                "y": 1.0,
                "z": 1.0
            },
            "rotation": {
                "x": 0.0,
                "y": 0.0,
                "z": 0.0,
                "w": 1.0
            },
            "name": "sticker_tape_20170608122436440571",
            "stickerData": {
                "x": 0.0,
                "y": 0.0,
                "width": 0.0,
                "height": 0.0,
                "path": "",
                "id": "",
                "sheetId": "",
                "artist": ""
            }
        }
    ]
}